{"1.jpg125359":{"filename":"1.jpg","size":125359,"regions":[{"shape_attributes":{"name":"rect","x":132,"y":160,"width":65,"height":56},"region_attributes":{"status":"free"}},{"shape_attributes":{"name":"rect","x":221,"y":166,"width":61,"height":48},"region_attributes":{"status":"free"}},{"shape_attributes":{"name":"rect","x":44,"y":170,"width":83,"height":58},"region_attributes":{"status":"occupied"}},{"shape_attributes":{"name":"rect","x":1,"y":171,"width":26,"height":70},"region_attributes":{"status":"free"}}],"file_attributes":{}},"2.jpg61661":{"filename":"2.jpg","size":61661,"regions":[{"shape_attributes":{"name":"rect","x":4,"y":9,"width":59,"height":46},"region_attributes":{"status":"free"}},{"shape_attributes":{"name":"rect","x":152,"y":4,"width":57,"height":50},"region_attributes":{"status":"free"}},{"shape_attributes":{"name":"rect","x":221,"y":6,"width":49,"height":48},"region_attributes":{"status":"free"}},{"shape_attributes":{"name":"rect","x":289,"y":4,"width":24,"height":45},"region_attributes":{"status":"free"}},{"shape_attributes":{"name":"rect","x":75,"y":6,"width":60,"height":50},"region_attributes":{"status":"occupied"}}],"file_attributes":{}},"3.jpg180715":{"filename":"3.jpg","size":180715,"regions":[{"shape_attributes":{"name":"rect","x":126,"y":137,"width":121,"height":169},"region_attributes":{"status":"free"}},{"shape_attributes":{"name":"rect","x":278,"y":166,"width":129,"height":183},"region_attributes":{"status":"free"}},{"shape_attributes":{"name":"rect","x":467,"y":206,"width":207,"height":211},"region_attributes":{"status":"free"}},{"shape_attributes":{"name":"rect","x":766,"y":227,"width":270,"height":267},"region_attributes":{"status":"free"}}],"file_attributes":{}},"4.jpg139149":{"filename":"4.jpg","size":139149,"regions":[{"shape_attributes":{"name":"rect","x":49,"y":114,"width":73,"height":71},"region_attributes":{"status":"free"}},{"shape_attributes":{"name":"rect","x":359,"y":103,"width":122,"height":93},"region_attributes":{"status":"free"}},{"shape_attributes":{"name":"rect","x":528,"y":99,"width":118,"height":105},"region_attributes":{"status":"free"}},{"shape_attributes":{"name":"rect","x":187,"y":92,"width":138,"height":119},"region_attributes":{"status":"occupied"}}],"file_attributes":{}},"5.jpg169755":{"filename":"5.jpg","size":169755,"regions":[{"shape_attributes":{"name":"rect","x":24,"y":254,"width":84,"height":67},"region_attributes":{"status":"free"}},{"shape_attributes":{"name":"rect","x":118,"y":204,"width":80,"height":59},"region_attributes":{"status":"free"}},{"shape_attributes":{"name":"rect","x":204,"y":169,"width":66,"height":56},"region_attributes":{"status":"free"}},{"shape_attributes":{"name":"rect","x":272,"y":142,"width":59,"height":54},"region_attributes":{"status":"occupied"}},{"shape_attributes":{"name":"rect","x":346,"y":112,"width":27,"height":60},"region_attributes":{"status":"free"}},{"shape_attributes":{"name":"rect","x":384,"y":101,"width":31,"height":46},"region_attributes":{"status":"free"}},{"shape_attributes":{"name":"rect","x":422,"y":80,"width":24,"height":57},"region_attributes":{"status":"free"}}],"file_attributes":{}},"6.jpg85724":{"filename":"6.jpg","size":85724,"regions":[{"shape_attributes":{"name":"rect","x":22,"y":96,"width":85,"height":84},"region_attributes":{"status":"free"}},{"shape_attributes":{"name":"rect","x":128,"y":95,"width":90,"height":85},"region_attributes":{"status":"occupied"}},{"shape_attributes":{"name":"rect","x":238,"y":94,"width":86,"height":81},"region_attributes":{"status":"free"}},{"shape_attributes":{"name":"rect","x":353,"y":96,"width":85,"height":81},"region_attributes":{"status":"free"}},{"shape_attributes":{"name":"rect","x":459,"y":95,"width":95,"height":80},"region_attributes":{"status":"occupied"}}],"file_attributes":{}},"7.jpg325366":{"filename":"7.jpg","size":325366,"regions":[{"shape_attributes":{"name":"rect","x":36,"y":425,"width":134,"height":120},"region_attributes":{"status":"occupied"}},{"shape_attributes":{"name":"rect","x":259,"y":412,"width":103,"height":73},"region_attributes":{"status":"free"}},{"shape_attributes":{"name":"rect","x":466,"y":397,"width":114,"height":78},"region_attributes":{"status":"free"}},{"shape_attributes":{"name":"rect","x":674,"y":396,"width":100,"height":66},"region_attributes":{"status":"free"}},{"shape_attributes":{"name":"rect","x":828,"y":387,"width":152,"height":96},"region_attributes":{"status":"occupied"}}],"file_attributes":{}},"8.jpg348664":{"filename":"8.jpg","size":348664,"regions":[{"shape_attributes":{"name":"rect","x":126,"y":349,"width":130,"height":107},"region_attributes":{"status":"occupied"}},{"shape_attributes":{"name":"rect","x":340,"y":347,"width":83,"height":72},"region_attributes":{"status":"free"}},{"shape_attributes":{"name":"rect","x":519,"y":353,"width":118,"height":83},"region_attributes":{"status":"free"}},{"shape_attributes":{"name":"rect","x":723,"y":365,"width":106,"height":85},"region_attributes":{"status":"free"}},{"shape_attributes":{"name":"rect","x":879,"y":389,"width":137,"height":110},"region_attributes":{"status":"occupied"}}],"file_attributes":{}},"9.jpg79568":{"filename":"9.jpg","size":79568,"regions":[{"shape_attributes":{"name":"rect","x":96,"y":92,"width":49,"height":47},"region_attributes":{"status":"occupied"}},{"shape_attributes":{"name":"rect","x":165,"y":93,"width":37,"height":44},"region_attributes":{"status":"free"}},{"shape_attributes":{"name":"rect","x":222,"y":85,"width":46,"height":49},"region_attributes":{"status":"free"}},{"shape_attributes":{"name":"rect","x":277,"y":87,"width":55,"height":44},"region_attributes":{"status":"free"}}],"file_attributes":{}},"10.jpg76370":{"filename":"10.jpg","size":76370,"regions":[{"shape_attributes":{"name":"rect","x":316,"y":240,"width":23,"height":16},"region_attributes":{"status":"occupied"}},{"shape_attributes":{"name":"rect","x":341,"y":245,"width":25,"height":20},"region_attributes":{"status":"free"}},{"shape_attributes":{"name":"rect","x":368,"y":251,"width":25,"height":20},"region_attributes":{"status":"free"}},{"shape_attributes":{"name":"rect","x":397,"y":255,"width":22,"height":25},"region_attributes":{"status":"free"}}],"file_attributes":{}},"11.jpg132391":{"filename":"11.jpg","size":132391,"regions":[{"shape_attributes":{"name":"rect","x":87,"y":210,"width":181,"height":180},"region_attributes":{"status":"free"}},{"shape_attributes":{"name":"rect","x":310,"y":215,"width":209,"height":198},"region_attributes":{"status":"occupied"}},{"shape_attributes":{"name":"rect","x":565,"y":199,"width":189,"height":226},"region_attributes":{"status":"free"}},{"shape_attributes":{"name":"rect","x":857,"y":219,"width":202,"height":205},"region_attributes":{"status":"free"}}],"file_attributes":{}},"12.jpg86941":{"filename":"12.jpg","size":86941,"regions":[{"shape_attributes":{"name":"rect","x":109,"y":192,"width":164,"height":133},"region_attributes":{"status":"free"}},{"shape_attributes":{"name":"rect","x":305,"y":190,"width":139,"height":123},"region_attributes":{"status":"free"}},{"shape_attributes":{"name":"rect","x":474,"y":189,"width":122,"height":117},"region_attributes":{"status":"free"}},{"shape_attributes":{"name":"rect","x":643,"y":180,"width":137,"height":119},"region_attributes":{"status":"occupied"}}],"file_attributes":{}},"13.jpg184671":{"filename":"13.jpg","size":184671,"regions":[{"shape_attributes":{"name":"rect","x":317,"y":280,"width":113,"height":179},"region_attributes":{"status":"occupied"}},{"shape_attributes":{"name":"rect","x":457,"y":393,"width":157,"height":202},"region_attributes":{"status":"free"}},{"shape_attributes":{"name":"rect","x":664,"y":531,"width":255,"height":255},"region_attributes":{"status":"free"}}],"file_attributes":{}},"14.jpg300164":{"filename":"14.jpg","size":300164,"regions":[{"shape_attributes":{"name":"rect","x":202,"y":181,"width":183,"height":223},"region_attributes":{"status":"free"}},{"shape_attributes":{"name":"rect","x":439,"y":228,"width":171,"height":211},"region_attributes":{"status":"free"}},{"shape_attributes":{"name":"rect","x":675,"y":278,"width":237,"height":272},"region_attributes":{"status":"occupied"}},{"shape_attributes":{"name":"rect","x":988,"y":360,"width":271,"height":267},"region_attributes":{"status":"free"}}],"file_attributes":{}},"15.jpg121793":{"filename":"15.jpg","size":121793,"regions":[{"shape_attributes":{"name":"rect","x":259,"y":117,"width":86,"height":88},"region_attributes":{"status":"occupied"}},{"shape_attributes":{"name":"rect","x":368,"y":114,"width":127,"height":125},"region_attributes":{"status":"occupied"}},{"shape_attributes":{"name":"rect","x":520,"y":122,"width":132,"height":132},"region_attributes":{"status":"free"}},{"shape_attributes":{"name":"rect","x":683,"y":135,"width":145,"height":148},"region_attributes":{"status":"occupied"}},{"shape_attributes":{"name":"rect","x":882,"y":169,"width":151,"height":142},"region_attributes":{"status":"free"}}],"file_attributes":{}},"16.jpg262635":{"filename":"16.jpg","size":262635,"regions":[{"shape_attributes":{"name":"rect","x":123,"y":296,"width":174,"height":120},"region_attributes":{"status":"occupied"}},{"shape_attributes":{"name":"rect","x":378,"y":273,"width":180,"height":143},"region_attributes":{"status":"free"}},{"shape_attributes":{"name":"rect","x":584,"y":258,"width":177,"height":148},"region_attributes":{"status":"free"}},{"shape_attributes":{"name":"rect","x":773,"y":240,"width":157,"height":144},"region_attributes":{"status":"free"}},{"shape_attributes":{"name":"rect","x":945,"y":230,"width":158,"height":140},"region_attributes":{"status":"occupied"}}],"file_attributes":{}},"17.jpg165858":{"filename":"17.jpg","size":165858,"regions":[{"shape_attributes":{"name":"rect","x":112,"y":19,"width":42,"height":42},"region_attributes":{"status":"free"}},{"shape_attributes":{"name":"rect","x":178,"y":13,"width":81,"height":61},"region_attributes":{"status":"occupied"}},{"shape_attributes":{"name":"rect","x":282,"y":12,"width":57,"height":53},"region_attributes":{"status":"free"}},{"shape_attributes":{"name":"rect","x":363,"y":10,"width":69,"height":59},"region_attributes":{"status":"free"}},{"shape_attributes":{"name":"rect","x":452,"y":5,"width":66,"height":61},"region_attributes":{"status":"free"}},{"shape_attributes":{"name":"rect","x":539,"y":2,"width":68,"height":70},"region_attributes":{"status":"free"}},{"shape_attributes":{"name":"rect","x":627,"y":6,"width":72,"height":61},"region_attributes":{"status":"free"}}],"file_attributes":{}},"18.jpg642702":{"filename":"18.jpg","size":642702,"regions":[{"shape_attributes":{"name":"rect","x":597,"y":169,"width":86,"height":77},"region_attributes":{"status":"free"}},{"shape_attributes":{"name":"rect","x":698,"y":172,"width":81,"height":83},"region_attributes":{"status":"free"}},{"shape_attributes":{"name":"rect","x":803,"y":182,"width":79,"height":82},"region_attributes":{"status":"occupied"}},{"shape_attributes":{"name":"rect","x":914,"y":183,"width":59,"height":65},"region_attributes":{"status":"free"}}],"file_attributes":{}},"19.jpg519968":{"filename":"19.jpg","size":519968,"regions":[{"shape_attributes":{"name":"rect","x":551,"y":264,"width":76,"height":77},"region_attributes":{"status":"free"}},{"shape_attributes":{"name":"rect","x":673,"y":259,"width":96,"height":83},"region_attributes":{"status":"occupied"}},{"shape_attributes":{"name":"rect","x":825,"y":258,"width":75,"height":73},"region_attributes":{"status":"free"}}],"file_attributes":{}},"20.jpg397920":{"filename":"20.jpg","size":397920,"regions":[{"shape_attributes":{"name":"rect","x":837,"y":558,"width":80,"height":77},"region_attributes":{"status":"occupied"}},{"shape_attributes":{"name":"rect","x":975,"y":561,"width":87,"height":84},"region_attributes":{"status":"free"}},{"shape_attributes":{"name":"rect","x":1273,"y":552,"width":94,"height":100},"region_attributes":{"status":"free"}},{"shape_attributes":{"name":"rect","x":1412,"y":555,"width":87,"height":91},"region_attributes":{"status":"free"}}],"file_attributes":{}},"21.jpg566121":{"filename":"21.jpg","size":566121,"regions":[{"shape_attributes":{"name":"rect","x":595,"y":426,"width":55,"height":53},"region_attributes":{"status":"occupied"}},{"shape_attributes":{"name":"rect","x":693,"y":422,"width":68,"height":56},"region_attributes":{"status":"free"}},{"shape_attributes":{"name":"rect","x":781,"y":416,"width":77,"height":67},"region_attributes":{"status":"occupied"}},{"shape_attributes":{"name":"rect","x":874,"y":414,"width":67,"height":64},"region_attributes":{"status":"free"}},{"shape_attributes":{"name":"rect","x":964,"y":405,"width":70,"height":72},"region_attributes":{"status":"occupied"}},{"shape_attributes":{"name":"rect","x":1055,"y":413,"width":74,"height":61},"region_attributes":{"status":"free"}},{"shape_attributes":{"name":"rect","x":1150,"y":411,"width":69,"height":66},"region_attributes":{"status":"free"}}],"file_attributes":{}},"fliplr_0.jpg181144":{"filename":"fliplr_0.jpg","size":181144,"regions":[{"shape_attributes":{"name":"rect","x":135,"y":244,"width":351,"height":271},"region_attributes":{"status":"free"}},{"shape_attributes":{"name":"rect","x":502,"y":162,"width":286,"height":256},"region_attributes":{"status":"free"}},{"shape_attributes":{"name":"rect","x":800,"y":164,"width":167,"height":198},"region_attributes":{"status":"free"}},{"shape_attributes":{"name":"rect","x":976,"y":137,"width":160,"height":174},"region_attributes":{"status":"free"}}],"file_attributes":{}},"fliplr_1.jpg62397":{"filename":"fliplr_1.jpg","size":62397,"regions":[{"shape_attributes":{"name":"rect","x":0,"y":7,"width":22,"height":36},"region_attributes":{"status":"free"}},{"shape_attributes":{"name":"rect","x":41,"y":6,"width":53,"height":40},"region_attributes":{"status":"free"}},{"shape_attributes":{"name":"rect","x":109,"y":5,"width":53,"height":48},"region_attributes":{"status":"free"}},{"shape_attributes":{"name":"rect","x":178,"y":5,"width":59,"height":51},"region_attributes":{"status":"occupied"}},{"shape_attributes":{"name":"rect","x":253,"y":6,"width":56,"height":49},"region_attributes":{"status":"free"}}],"file_attributes":{}},"fliplr_2.jpg150230":{"filename":"fliplr_2.jpg","size":150230,"regions":[{"shape_attributes":{"name":"rect","x":298,"y":163,"width":47,"height":53},"region_attributes":{"status":"free"}},{"shape_attributes":{"name":"rect","x":384,"y":161,"width":60,"height":54},"region_attributes":{"status":"free"}},{"shape_attributes":{"name":"rect","x":460,"y":166,"width":63,"height":64},"region_attributes":{"status":"occupied"}},{"shape_attributes":{"name":"rect","x":552,"y":177,"width":32,"height":62},"region_attributes":{"status":"free"}}],"file_attributes":{}},"fliplr_3.jpg166982":{"filename":"fliplr_3.jpg","size":166982,"regions":[{"shape_attributes":{"name":"rect","x":188,"y":10,"width":66,"height":59},"region_attributes":{"status":"free"}},{"shape_attributes":{"name":"rect","x":273,"y":5,"width":71,"height":64},"region_attributes":{"status":"free"}},{"shape_attributes":{"name":"rect","x":363,"y":9,"width":64,"height":58},"region_attributes":{"status":"free"}},{"shape_attributes":{"name":"rect","x":447,"y":9,"width":72,"height":63},"region_attributes":{"status":"free"}},{"shape_attributes":{"name":"rect","x":544,"y":6,"width":60,"height":66},"region_attributes":{"status":"free"}},{"shape_attributes":{"name":"rect","x":624,"y":6,"width":75,"height":66},"region_attributes":{"status":"occupied"}},{"shape_attributes":{"name":"rect","x":715,"y":10,"width":65,"height":55},"region_attributes":{"status":"free"}}],"file_attributes":{}},"fliplr_4.jpg171546":{"filename":"fliplr_4.jpg","size":171546,"regions":[{"shape_attributes":{"name":"rect","x":420,"y":81,"width":33,"height":53},"region_attributes":{"status":"free"}},{"shape_attributes":{"name":"rect","x":460,"y":94,"width":27,"height":53},"region_attributes":{"status":"free"}},{"shape_attributes":{"name":"rect","x":498,"y":109,"width":34,"height":52},"region_attributes":{"status":"free"}},{"shape_attributes":{"name":"rect","x":536,"y":136,"width":62,"height":68},"region_attributes":{"status":"occupied"}},{"shape_attributes":{"name":"rect","x":603,"y":153,"width":63,"height":78},"region_attributes":{"status":"free"}},{"shape_attributes":{"name":"rect","x":676,"y":190,"width":73,"height":86},"region_attributes":{"status":"free"}},{"shape_attributes":{"name":"rect","x":763,"y":257,"width":59,"height":74},"region_attributes":{"status":"free"}}],"file_attributes":{}},"fliplr_5.jpg140278":{"filename":"fliplr_5.jpg","size":140278,"regions":[{"shape_attributes":{"name":"rect","x":49,"y":85,"width":121,"height":126},"region_attributes":{"status":"free"}},{"shape_attributes":{"name":"rect","x":214,"y":85,"width":129,"height":122},"region_attributes":{"status":"free"}},{"shape_attributes":{"name":"rect","x":546,"y":84,"width":116,"height":108},"region_attributes":{"status":"free"}},{"shape_attributes":{"name":"rect","x":379,"y":77,"width":141,"height":144},"region_attributes":{"status":"occupied"}}],"file_attributes":{}},"fliplr_6.jpg86054":{"filename":"fliplr_6.jpg","size":86054,"regions":[{"shape_attributes":{"name":"rect","x":26,"y":91,"width":102,"height":90},"region_attributes":{"status":"occupied"}},{"shape_attributes":{"name":"rect","x":140,"y":90,"width":102,"height":94},"region_attributes":{"status":"free"}},{"shape_attributes":{"name":"rect","x":265,"y":93,"width":88,"height":99},"region_attributes":{"status":"free"}},{"shape_attributes":{"name":"rect","x":469,"y":101,"width":101,"height":86},"region_attributes":{"status":"free"}},{"shape_attributes":{"name":"rect","x":367,"y":96,"width":90,"height":91},"region_attributes":{"status":"occupied"}}],"file_attributes":{}},"fliplr_7.jpg187331":{"filename":"fliplr_7.jpg","size":187331,"regions":[{"shape_attributes":{"name":"rect","x":100,"y":554,"width":330,"height":233},"region_attributes":{"status":"free"}},{"shape_attributes":{"name":"rect","x":448,"y":404,"width":195,"height":162},"region_attributes":{"status":"free"}},{"shape_attributes":{"name":"rect","x":657,"y":288,"width":170,"height":164},"region_attributes":{"status":"occupied"}}],"file_attributes":{}},"fliplr_8.jpg88234":{"filename":"fliplr_8.jpg","size":88234,"regions":[{"shape_attributes":{"name":"rect","x":103,"y":166,"width":147,"height":139},"region_attributes":{"status":"occupied"}},{"shape_attributes":{"name":"rect","x":299,"y":175,"width":127,"height":138},"region_attributes":{"status":"free"}},{"shape_attributes":{"name":"rect","x":464,"y":189,"width":114,"height":122},"region_attributes":{"status":"free"}},{"shape_attributes":{"name":"rect","x":623,"y":170,"width":164,"height":163},"region_attributes":{"status":"free"}}],"file_attributes":{}},"fliplr_9.jpg82199":{"filename":"fliplr_9.jpg","size":82199,"regions":[{"shape_attributes":{"name":"rect","x":20,"y":73,"width":50,"height":58},"region_attributes":{"status":"occupied"}},{"shape_attributes":{"name":"rect","x":83,"y":77,"width":50,"height":56},"region_attributes":{"status":"free"}},{"shape_attributes":{"name":"rect","x":140,"y":83,"width":58,"height":49},"region_attributes":{"status":"free"}},{"shape_attributes":{"name":"rect","x":207,"y":82,"width":56,"height":49},"region_attributes":{"status":"occupied"}}],"file_attributes":{}},"fliplr_10.jpg90257":{"filename":"fliplr_10.jpg","size":90257,"regions":[{"shape_attributes":{"name":"rect","x":192,"y":256,"width":30,"height":28},"region_attributes":{"status":"free"}},{"shape_attributes":{"name":"rect","x":230,"y":252,"width":20,"height":24},"region_attributes":{"status":"free"}},{"shape_attributes":{"name":"rect","x":254,"y":246,"width":20,"height":20},"region_attributes":{"status":"free"}},{"shape_attributes":{"name":"rect","x":278,"y":237,"width":29,"height":23},"region_attributes":{"status":"occupied"}}],"file_attributes":{}},"fliplr_11.jpg134552":{"filename":"fliplr_11.jpg","size":134552,"regions":[{"shape_attributes":{"name":"rect","x":141,"y":175,"width":212,"height":251},"region_attributes":{"status":"free"}},{"shape_attributes":{"name":"rect","x":429,"y":181,"width":209,"height":231},"region_attributes":{"status":"free"}},{"shape_attributes":{"name":"rect","x":670,"y":200,"width":242,"height":221},"region_attributes":{"status":"occupied"}},{"shape_attributes":{"name":"rect","x":946,"y":190,"width":176,"height":204},"region_attributes":{"status":"free"}}],"file_attributes":{}},"fliplr_12.jpg348662":{"filename":"fliplr_12.jpg","size":348662,"regions":[{"shape_attributes":{"name":"rect","x":252,"y":416,"width":146,"height":111},"region_attributes":{"status":"occupied"}},{"shape_attributes":{"name":"rect","x":445,"y":364,"width":126,"height":93},"region_attributes":{"status":"free"}},{"shape_attributes":{"name":"rect","x":639,"y":345,"width":114,"height":88},"region_attributes":{"status":"free"}},{"shape_attributes":{"name":"rect","x":828,"y":334,"width":128,"height":92},"region_attributes":{"status":"free"}},{"shape_attributes":{"name":"rect","x":1014,"y":329,"width":162,"height":136},"region_attributes":{"status":"occupied"}}],"file_attributes":{}},"fliplr_13.jpg325631":{"filename":"fliplr_13.jpg","size":325631,"regions":[{"shape_attributes":{"name":"rect","x":308,"y":378,"width":132,"height":133},"region_attributes":{"status":"occupied"}},{"shape_attributes":{"name":"rect","x":493,"y":380,"width":129,"height":91},"region_attributes":{"status":"free"}},{"shape_attributes":{"name":"rect","x":691,"y":384,"width":139,"height":93},"region_attributes":{"status":"free"}},{"shape_attributes":{"name":"rect","x":917,"y":393,"width":117,"height":89},"region_attributes":{"status":"free"}},{"shape_attributes":{"name":"rect","x":1069,"y":410,"width":178,"height":159},"region_attributes":{"status":"occupied"}}],"file_attributes":{}},"fliplr_14.jpg262078":{"filename":"fliplr_14.jpg","size":262078,"regions":[{"shape_attributes":{"name":"rect","x":257,"y":229,"width":115,"height":127},"region_attributes":{"status":"occupied"}},{"shape_attributes":{"name":"rect","x":412,"y":235,"width":133,"height":147},"region_attributes":{"status":"free"}},{"shape_attributes":{"name":"rect","x":587,"y":287,"width":123,"height":128},"region_attributes":{"status":"free"}},{"shape_attributes":{"name":"rect","x":787,"y":306,"width":111,"height":127},"region_attributes":{"status":"free"}},{"shape_attributes":{"name":"rect","x":1027,"y":305,"width":143,"height":144},"region_attributes":{"status":"occupied"}},{"shape_attributes":{"name":"rect","x":136,"y":226,"width":101,"height":102},"region_attributes":{"status":"free"}}],"file_attributes":{}},"fliplr_15.jpg123773":{"filename":"fliplr_15.jpg","size":123773,"regions":[{"shape_attributes":{"name":"rect","x":98,"y":193,"width":156,"height":129},"region_attributes":{"status":"free"}},{"shape_attributes":{"name":"rect","x":282,"y":161,"width":156,"height":143},"region_attributes":{"status":"occupied"}},{"shape_attributes":{"name":"rect","x":486,"y":172,"width":145,"height":116},"region_attributes":{"status":"free"}},{"shape_attributes":{"name":"rect","x":638,"y":117,"width":127,"height":117},"region_attributes":{"status":"occupied"}},{"shape_attributes":{"name":"rect","x":781,"y":123,"width":105,"height":87},"region_attributes":{"status":"occupied"}}],"file_attributes":{}},"fliplr_16.jpg305137":{"filename":"fliplr_16.jpg","size":305137,"regions":[{"shape_attributes":{"name":"rect","x":89,"y":464,"width":315,"height":216},"region_attributes":{"status":"free"}},{"shape_attributes":{"name":"rect","x":519,"y":351,"width":337,"height":297},"region_attributes":{"status":"free"}},{"shape_attributes":{"name":"rect","x":893,"y":272,"width":266,"height":262},"region_attributes":{"status":"occupied"}},{"shape_attributes":{"name":"rect","x":1199,"y":220,"width":231,"height":238},"region_attributes":{"status":"free"}},{"shape_attributes":{"name":"rect","x":1478,"y":196,"width":147,"height":215},"region_attributes":{"status":"free"}},{"shape_attributes":{"name":"rect","x":1644,"y":139,"width":141,"height":147},"region_attributes":{"status":"free"}}],"file_attributes":{}},"fliplr_17.jpg545604":{"filename":"fliplr_17.jpg","size":545604,"regions":[{"shape_attributes":{"name":"rect","x":596,"y":245,"width":75,"height":89},"region_attributes":{"status":"free"}},{"shape_attributes":{"name":"rect","x":861,"y":256,"width":94,"height":91},"region_attributes":{"status":"free"}},{"shape_attributes":{"name":"rect","x":716,"y":256,"width":117,"height":100},"region_attributes":{"status":"occupied"}}],"file_attributes":{}},"fliplr_18.jpg586467":{"filename":"fliplr_18.jpg","size":586467,"regions":[{"shape_attributes":{"name":"rect","x":279,"y":405,"width":69,"height":76},"region_attributes":{"status":"free"}},{"shape_attributes":{"name":"rect","x":374,"y":412,"width":66,"height":72},"region_attributes":{"status":"free"}},{"shape_attributes":{"name":"rect","x":550,"y":419,"width":75,"height":63},"region_attributes":{"status":"free"}},{"shape_attributes":{"name":"rect","x":732,"y":414,"width":78,"height":66},"region_attributes":{"status":"free"}},{"shape_attributes":{"name":"rect","x":447,"y":414,"width":82,"height":69},"region_attributes":{"status":"occupied"}},{"shape_attributes":{"name":"rect","x":637,"y":416,"width":85,"height":69},"region_attributes":{"status":"occupied"}},{"shape_attributes":{"name":"rect","x":840,"y":409,"width":66,"height":76},"region_attributes":{"status":"occupied"}}],"file_attributes":{}},"fliplr_19.jpg660509":{"filename":"fliplr_19.jpg","size":660509,"regions":[{"shape_attributes":{"name":"rect","x":530,"y":194,"width":59,"height":51},"region_attributes":{"status":"free"}},{"shape_attributes":{"name":"rect","x":712,"y":164,"width":97,"height":95},"region_attributes":{"status":"free"}},{"shape_attributes":{"name":"rect","x":822,"y":162,"width":109,"height":100},"region_attributes":{"status":"free"}},{"shape_attributes":{"name":"rect","x":617,"y":185,"width":82,"height":72},"region_attributes":{"status":"occupied"}}],"file_attributes":{}},"fliplr_20.jpg426361":{"filename":"fliplr_20.jpg","size":426361,"regions":[{"shape_attributes":{"name":"rect","x":-1,"y":549,"width":88,"height":111},"region_attributes":{"status":"free"}},{"shape_attributes":{"name":"rect","x":126,"y":551,"width":118,"height":108},"region_attributes":{"status":"free"}},{"shape_attributes":{"name":"rect","x":437,"y":549,"width":87,"height":97},"region_attributes":{"status":"free"}},{"shape_attributes":{"name":"rect","x":572,"y":546,"width":116,"height":106},"region_attributes":{"status":"occupied"}}],"file_attributes":{}},"flipud_0.jpg182568":{"filename":"flipud_0.jpg","size":182568,"regions":[{"shape_attributes":{"name":"rect","x":112,"y":352,"width":172,"height":197},"region_attributes":{"status":"free"}},{"shape_attributes":{"name":"rect","x":299,"y":327,"width":160,"height":196},"region_attributes":{"status":"free"}},{"shape_attributes":{"name":"rect","x":489,"y":249,"width":231,"height":243},"region_attributes":{"status":"free"}},{"shape_attributes":{"name":"rect","x":783,"y":149,"width":300,"height":279},"region_attributes":{"status":"free"}}],"file_attributes":{}},"flipud_1.jpg61740":{"filename":"flipud_1.jpg","size":61740,"regions":[{"shape_attributes":{"name":"rect","x":6,"y":395,"width":55,"height":55},"region_attributes":{"status":"free"}},{"shape_attributes":{"name":"rect","x":155,"y":400,"width":51,"height":53},"region_attributes":{"status":"free"}},{"shape_attributes":{"name":"rect","x":219,"y":402,"width":46,"height":52},"region_attributes":{"status":"free"}},{"shape_attributes":{"name":"rect","x":285,"y":403,"width":29,"height":51},"region_attributes":{"status":"free"}},{"shape_attributes":{"name":"rect","x":71,"y":384,"width":74,"height":69},"region_attributes":{"status":"occupied"}}],"file_attributes":{}},"flipud_2.jpg148113":{"filename":"flipud_2.jpg","size":148113,"regions":[{"shape_attributes":{"name":"rect","x":1,"y":351,"width":35,"height":58},"region_attributes":{"status":"free"}},{"shape_attributes":{"name":"rect","x":59,"y":359,"width":69,"height":55},"region_attributes":{"status":"occupied"}},{"shape_attributes":{"name":"rect","x":149,"y":369,"width":50,"height":56},"region_attributes":{"status":"free"}},{"shape_attributes":{"name":"rect","x":223,"y":371,"width":65,"height":51},"region_attributes":{"status":"free"}}],"file_attributes":{}},"flipud_3.jpg167178":{"filename":"flipud_3.jpg","size":167178,"regions":[{"shape_attributes":{"name":"rect","x":108,"y":502,"width":56,"height":45},"region_attributes":{"status":"free"}},{"shape_attributes":{"name":"rect","x":282,"y":491,"width":60,"height":63},"region_attributes":{"status":"free"}},{"shape_attributes":{"name":"rect","x":368,"y":495,"width":61,"height":60},"region_attributes":{"status":"free"}},{"shape_attributes":{"name":"rect","x":458,"y":497,"width":61,"height":57},"region_attributes":{"status":"free"}},{"shape_attributes":{"name":"rect","x":543,"y":493,"width":60,"height":61},"region_attributes":{"status":"free"}},{"shape_attributes":{"name":"rect","x":631,"y":494,"width":64,"height":61},"region_attributes":{"status":"free"}},{"shape_attributes":{"name":"rect","x":175,"y":497,"width":93,"height":61},"region_attributes":{"status":"occupied"}}],"file_attributes":{}},"flipud_4.jpg170049":{"filename":"flipud_4.jpg","size":170049,"regions":[{"shape_attributes":{"name":"rect","x":49,"y":235,"width":58,"height":69},"region_attributes":{"status":"free"}},{"shape_attributes":{"name":"rect","x":129,"y":285,"width":66,"height":83},"region_attributes":{"status":"free"}},{"shape_attributes":{"name":"rect","x":213,"y":321,"width":56,"height":79},"region_attributes":{"status":"free"}},{"shape_attributes":{"name":"rect","x":281,"y":349,"width":49,"height":81},"region_attributes":{"status":"occupied"}},{"shape_attributes":{"name":"rect","x":339,"y":390,"width":36,"height":56},"region_attributes":{"status":"free"}},{"shape_attributes":{"name":"rect","x":386,"y":407,"width":29,"height":53},"region_attributes":{"status":"free"}},{"shape_attributes":{"name":"rect","x":421,"y":424,"width":29,"height":57},"region_attributes":{"status":"free"}}],"file_attributes":{}},"flipud_5.jpg138509":{"filename":"flipud_5.jpg","size":138509,"regions":[{"shape_attributes":{"name":"rect","x":45,"y":267,"width":94,"height":88},"region_attributes":{"status":"free"}},{"shape_attributes":{"name":"rect","x":358,"y":253,"width":123,"height":110},"region_attributes":{"status":"free"}},{"shape_attributes":{"name":"rect","x":524,"y":247,"width":137,"height":121},"region_attributes":{"status":"free"}},{"shape_attributes":{"name":"rect","x":178,"y":254,"width":143,"height":117},"region_attributes":{"status":"occupied"}}],"file_attributes":{}},"flipud_6.jpg85923":{"filename":"flipud_6.jpg","size":85923,"regions":[{"shape_attributes":{"name":"rect","x":26,"y":207,"width":89,"height":89},"region_attributes":{"status":"free"}},{"shape_attributes":{"name":"rect","x":240,"y":207,"width":89,"height":88},"region_attributes":{"status":"free"}},{"shape_attributes":{"name":"rect","x":356,"y":206,"width":81,"height":88},"region_attributes":{"status":"free"}},{"shape_attributes":{"name":"rect","x":461,"y":197,"width":97,"height":106},"region_attributes":{"status":"occupied"}},{"shape_attributes":{"name":"rect","x":132,"y":203,"width":87,"height":90},"region_attributes":{"status":"occupied"}}],"file_attributes":{}},"flipud_7.jpg187829":{"filename":"flipud_7.jpg","size":187829,"regions":[{"shape_attributes":{"name":"rect","x":666,"y":2,"width":373,"height":256},"region_attributes":{"status":"free"}},{"shape_attributes":{"name":"rect","x":454,"y":228,"width":193,"height":181},"region_attributes":{"status":"free"}},{"shape_attributes":{"name":"rect","x":223,"y":338,"width":222,"height":169},"region_attributes":{"status":"occupied"}}],"file_attributes":{}},"flipud_8.jpg87002":{"filename":"flipud_8.jpg","size":87002,"regions":[{"shape_attributes":{"name":"rect","x":105,"y":224,"width":177,"height":144},"region_attributes":{"status":"free"}},{"shape_attributes":{"name":"rect","x":322,"y":230,"width":128,"height":146},"region_attributes":{"status":"free"}},{"shape_attributes":{"name":"rect","x":476,"y":247,"width":114,"height":125},"region_attributes":{"status":"free"}},{"shape_attributes":{"name":"rect","x":652,"y":247,"width":170,"height":145},"region_attributes":{"status":"occupied"}}],"file_attributes":{}},"flipud_9.jpg79294":{"filename":"flipud_9.jpg","size":79294,"regions":[{"shape_attributes":{"name":"rect","x":95,"y":380,"width":47,"height":47},"region_attributes":{"status":"occupied"}},{"shape_attributes":{"name":"rect","x":158,"y":386,"width":47,"height":40},"region_attributes":{"status":"free"}},{"shape_attributes":{"name":"rect","x":223,"y":389,"width":45,"height":39},"region_attributes":{"status":"free"}},{"shape_attributes":{"name":"rect","x":281,"y":394,"width":49,"height":39},"region_attributes":{"status":"occupied"}}],"file_attributes":{}},"flipud_10.jpg88632":{"filename":"flipud_10.jpg","size":88632,"regions":[{"shape_attributes":{"name":"rect","x":396,"y":133,"width":21,"height":20},"region_attributes":{"status":"free"}},{"shape_attributes":{"name":"rect","x":363,"y":140,"width":23,"height":19},"region_attributes":{"status":"free"}},{"shape_attributes":{"name":"rect","x":335,"y":147,"width":26,"height":19},"region_attributes":{"status":"free"}},{"shape_attributes":{"name":"rect","x":304,"y":148,"width":26,"height":21},"region_attributes":{"status":"occupied"}}],"file_attributes":{}},"flipud_11.jpg135148":{"filename":"flipud_11.jpg","size":135148,"regions":[{"shape_attributes":{"name":"rect","x":109,"y":224,"width":164,"height":211},"region_attributes":{"status":"free"}},{"shape_attributes":{"name":"rect","x":302,"y":218,"width":246,"height":223},"region_attributes":{"status":"occupied"}},{"shape_attributes":{"name":"rect","x":575,"y":217,"width":220,"height":227},"region_attributes":{"status":"free"}},{"shape_attributes":{"name":"rect","x":875,"y":216,"width":262,"height":218},"region_attributes":{"status":"free"}}],"file_attributes":{}},"flipud_12.jpg348674":{"filename":"flipud_12.jpg","size":348674,"regions":[{"shape_attributes":{"name":"rect","x":115,"y":258,"width":161,"height":131},"region_attributes":{"status":"occupied"}},{"shape_attributes":{"name":"rect","x":331,"y":281,"width":96,"height":107},"region_attributes":{"status":"free"}},{"shape_attributes":{"name":"rect","x":517,"y":275,"width":128,"height":103},"region_attributes":{"status":"free"}},{"shape_attributes":{"name":"rect","x":713,"y":261,"width":116,"height":99},"region_attributes":{"status":"free"}},{"shape_attributes":{"name":"rect","x":889,"y":203,"width":140,"height":143},"region_attributes":{"status":"occupied"}}],"file_attributes":{}},"flipud_13.jpg325695":{"filename":"flipud_13.jpg","size":325695,"regions":[{"shape_attributes":{"name":"rect","x":863,"y":206,"width":133,"height":105},"region_attributes":{"status":"occupied"}},{"shape_attributes":{"name":"rect","x":672,"y":247,"width":108,"height":106},"region_attributes":{"status":"free"}},{"shape_attributes":{"name":"rect","x":459,"y":226,"width":123,"height":117},"region_attributes":{"status":"free"}},{"shape_attributes":{"name":"rect","x":251,"y":230,"width":119,"height":107},"region_attributes":{"status":"free"}},{"shape_attributes":{"name":"rect","x":26,"y":175,"width":207,"height":121},"region_attributes":{"status":"occupied"}}],"file_attributes":{}},"flipud_14.jpg266472":{"filename":"flipud_14.jpg","size":266472,"regions":[{"shape_attributes":{"name":"rect","x":186,"y":277,"width":127,"height":105},"region_attributes":{"status":"occupied"}},{"shape_attributes":{"name":"rect","x":411,"y":289,"width":140,"height":119},"region_attributes":{"status":"free"}},{"shape_attributes":{"name":"rect","x":639,"y":291,"width":109,"height":119},"region_attributes":{"status":"free"}},{"shape_attributes":{"name":"rect","x":828,"y":321,"width":111,"height":116},"region_attributes":{"status":"free"}},{"shape_attributes":{"name":"rect","x":965,"y":347,"width":123,"height":123},"region_attributes":{"status":"occupied"}}],"file_attributes":{}},"flipud_15.jpg122317":{"filename":"flipud_15.jpg","size":122317,"regions":[{"shape_attributes":{"name":"rect","x":877,"y":119,"width":125,"height":135},"region_attributes":{"status":"free"}},{"shape_attributes":{"name":"rect","x":682,"y":153,"width":133,"height":143},"region_attributes":{"status":"occupied"}},{"shape_attributes":{"name":"rect","x":497,"y":174,"width":128,"height":125},"region_attributes":{"status":"free"}},{"shape_attributes":{"name":"rect","x":355,"y":190,"width":108,"height":127},"region_attributes":{"status":"occupied"}},{"shape_attributes":{"name":"rect","x":248,"y":227,"width":77,"height":94},"region_attributes":{"status":"occupied"}}],"file_attributes":{}},"flipud_16.jpg303846":{"filename":"flipud_16.jpg","size":303846,"regions":[{"shape_attributes":{"name":"rect","x":168,"y":317,"width":199,"height":181},"region_attributes":{"status":"free"}},{"shape_attributes":{"name":"rect","x":393,"y":277,"width":187,"height":205},"region_attributes":{"status":"free"}},{"shape_attributes":{"name":"rect","x":694,"y":179,"width":206,"height":311},"region_attributes":{"status":"occupied"}},{"shape_attributes":{"name":"rect","x":947,"y":106,"width":263,"height":255},"region_attributes":{"status":"free"}},{"shape_attributes":{"name":"rect","x":1427,"y":44,"width":295,"height":249},"region_attributes":{"status":"free"}},{"shape_attributes":{"name":"rect","x":79,"y":454,"width":133,"height":132},"region_attributes":{"status":"free"}}],"file_attributes":{}},"flipud_17.jpg522569":{"filename":"flipud_17.jpg","size":522569,"regions":[{"shape_attributes":{"name":"rect","x":835,"y":669,"width":61,"height":79},"region_attributes":{"status":"free"}},{"shape_attributes":{"name":"rect","x":677,"y":650,"width":95,"height":94},"region_attributes":{"status":"occupied"}},{"shape_attributes":{"name":"rect","x":549,"y":657,"width":88,"height":85},"region_attributes":{"status":"free"}}],"file_attributes":{}},"flipud_18.jpg580595":{"filename":"flipud_18.jpg","size":580595,"regions":[{"shape_attributes":{"name":"rect","x":973,"y":523,"width":66,"height":60},"region_attributes":{"status":"occupied"}},{"shape_attributes":{"name":"rect","x":787,"y":522,"width":68,"height":60},"region_attributes":{"status":"occupied"}},{"shape_attributes":{"name":"rect","x":699,"y":524,"width":63,"height":61},"region_attributes":{"status":"free"}},{"shape_attributes":{"name":"rect","x":876,"y":520,"width":72,"height":68},"region_attributes":{"status":"free"}},{"shape_attributes":{"name":"rect","x":1061,"y":519,"width":65,"height":77},"region_attributes":{"status":"free"}},{"shape_attributes":{"name":"rect","x":1152,"y":522,"width":63,"height":70},"region_attributes":{"status":"free"}},{"shape_attributes":{"name":"rect","x":588,"y":522,"width":67,"height":64},"region_attributes":{"status":"occupied"}}],"file_attributes":{}},"flipud_19.jpg663438":{"filename":"flipud_19.jpg","size":663438,"regions":[{"shape_attributes":{"name":"rect","x":595,"y":765,"width":89,"height":71},"region_attributes":{"status":"free"}},{"shape_attributes":{"name":"rect","x":700,"y":753,"width":79,"height":79},"region_attributes":{"status":"free"}},{"shape_attributes":{"name":"rect","x":789,"y":747,"width":93,"height":76},"region_attributes":{"status":"occupied"}},{"shape_attributes":{"name":"rect","x":909,"y":746,"width":52,"height":73},"region_attributes":{"status":"free"}}],"file_attributes":{}},"flipud_20.jpg424355":{"filename":"flipud_20.jpg","size":424355,"regions":[{"shape_attributes":{"name":"rect","x":837,"y":362,"width":82,"height":84},"region_attributes":{"status":"occupied"}},{"shape_attributes":{"name":"rect","x":979,"y":361,"width":78,"height":82},"region_attributes":{"status":"free"}},{"shape_attributes":{"name":"rect","x":1275,"y":342,"width":96,"height":101},"region_attributes":{"status":"free"}},{"shape_attributes":{"name":"rect","x":1412,"y":352,"width":87,"height":94},"region_attributes":{"status":"free"}}],"file_attributes":{}},"gray_0.jpg155663":{"filename":"gray_0.jpg","size":155663,"regions":[{"shape_attributes":{"name":"rect","x":129,"y":144,"width":141,"height":171},"region_attributes":{"status":"free"}},{"shape_attributes":{"name":"rect","x":292,"y":174,"width":135,"height":191},"region_attributes":{"status":"free"}},{"shape_attributes":{"name":"rect","x":489,"y":215,"width":183,"height":224},"region_attributes":{"status":"free"}},{"shape_attributes":{"name":"rect","x":780,"y":249,"width":284,"height":282},"region_attributes":{"status":"free"}}],"file_attributes":{}},"gray_1.jpg56617":{"filename":"gray_1.jpg","size":56617,"regions":[{"shape_attributes":{"name":"rect","x":5,"y":5,"width":54,"height":57},"region_attributes":{"status":"free"}},{"shape_attributes":{"name":"rect","x":76,"y":8,"width":63,"height":60},"region_attributes":{"status":"occupied"}},{"shape_attributes":{"name":"rect","x":146,"y":4,"width":61,"height":62},"region_attributes":{"status":"free"}},{"shape_attributes":{"name":"rect","x":223,"y":4,"width":50,"height":52},"region_attributes":{"status":"free"}},{"shape_attributes":{"name":"rect","x":280,"y":3,"width":32,"height":44},"region_attributes":{"status":"free"}}],"file_attributes":{}},"gray_2.jpg116399":{"filename":"gray_2.jpg","size":116399,"regions":[{"shape_attributes":{"name":"rect","x":1,"y":182,"width":25,"height":52},"region_attributes":{"status":"free"}},{"shape_attributes":{"name":"rect","x":54,"y":166,"width":70,"height":63},"region_attributes":{"status":"occupied"}},{"shape_attributes":{"name":"rect","x":135,"y":163,"width":65,"height":52},"region_attributes":{"status":"free"}},{"shape_attributes":{"name":"rect","x":223,"y":158,"width":57,"height":61},"region_attributes":{"status":"free"}},{"shape_attributes":{"name":"rect","x":285,"y":156,"width":48,"height":44},"region_attributes":{"status":"free"}}],"file_attributes":{}},"gray_3.jpg149668":{"filename":"gray_3.jpg","size":149668,"regions":[{"shape_attributes":{"name":"rect","x":110,"y":13,"width":50,"height":52},"region_attributes":{"status":"free"}},{"shape_attributes":{"name":"rect","x":182,"y":11,"width":83,"height":66},"region_attributes":{"status":"occupied"}},{"shape_attributes":{"name":"rect","x":278,"y":9,"width":70,"height":63},"region_attributes":{"status":"free"}},{"shape_attributes":{"name":"rect","x":366,"y":7,"width":71,"height":66},"region_attributes":{"status":"free"}},{"shape_attributes":{"name":"rect","x":451,"y":6,"width":76,"height":73},"region_attributes":{"status":"free"}},{"shape_attributes":{"name":"rect","x":544,"y":9,"width":60,"height":64},"region_attributes":{"status":"free"}},{"shape_attributes":{"name":"rect","x":620,"y":4,"width":77,"height":67},"region_attributes":{"status":"free"}}],"file_attributes":{}},"gray_4.jpg152164":{"filename":"gray_4.jpg","size":152164,"regions":[{"shape_attributes":{"name":"rect","x":28,"y":259,"width":87,"height":61},"region_attributes":{"status":"free"}},{"shape_attributes":{"name":"rect","x":117,"y":198,"width":91,"height":69},"region_attributes":{"status":"free"}},{"shape_attributes":{"name":"rect","x":210,"y":168,"width":64,"height":52},"region_attributes":{"status":"free"}},{"shape_attributes":{"name":"rect","x":276,"y":131,"width":69,"height":70},"region_attributes":{"status":"occupied"}},{"shape_attributes":{"name":"rect","x":347,"y":112,"width":26,"height":54},"region_attributes":{"status":"free"}},{"shape_attributes":{"name":"rect","x":376,"y":101,"width":40,"height":48},"region_attributes":{"status":"free"}},{"shape_attributes":{"name":"rect","x":420,"y":90,"width":33,"height":40},"region_attributes":{"status":"free"}}],"file_attributes":{}},"gray_5.jpg126592":{"filename":"gray_5.jpg","size":126592,"regions":[{"shape_attributes":{"name":"rect","x":50,"y":107,"width":73,"height":83},"region_attributes":{"status":"free"}},{"shape_attributes":{"name":"rect","x":183,"y":90,"width":141,"height":134},"region_attributes":{"status":"occupied"}},{"shape_attributes":{"name":"rect","x":350,"y":91,"width":132,"height":133},"region_attributes":{"status":"free"}},{"shape_attributes":{"name":"rect","x":533,"y":97,"width":121,"height":115},"region_attributes":{"status":"free"}}],"file_attributes":{}},"gray_6.jpg75615":{"filename":"gray_6.jpg","size":75615,"regions":[{"shape_attributes":{"name":"rect","x":21,"y":94,"width":93,"height":87},"region_attributes":{"status":"free"}},{"shape_attributes":{"name":"rect","x":130,"y":96,"width":89,"height":83},"region_attributes":{"status":"occupied"}},{"shape_attributes":{"name":"rect","x":229,"y":96,"width":97,"height":88},"region_attributes":{"status":"free"}},{"shape_attributes":{"name":"rect","x":352,"y":96,"width":88,"height":88},"region_attributes":{"status":"free"}},{"shape_attributes":{"name":"rect","x":461,"y":99,"width":95,"height":86},"region_attributes":{"status":"occupied"}}],"file_attributes":{}},"gray_7.jpg162286":{"filename":"gray_7.jpg","size":162286,"regions":[{"shape_attributes":{"name":"rect","x":273,"y":280,"width":180,"height":188},"region_attributes":{"status":"occupied"}},{"shape_attributes":{"name":"rect","x":464,"y":383,"width":168,"height":217},"region_attributes":{"status":"free"}},{"shape_attributes":{"name":"rect","x":657,"y":525,"width":283,"height":257},"region_attributes":{"status":"free"}}],"file_attributes":{}},"gray_8.jpg77303":{"filename":"gray_8.jpg","size":77303,"regions":[{"shape_attributes":{"name":"rect","x":116,"y":196,"width":153,"height":123},"region_attributes":{"status":"free"}},{"shape_attributes":{"name":"rect","x":301,"y":176,"width":151,"height":145},"region_attributes":{"status":"free"}},{"shape_attributes":{"name":"rect","x":483,"y":185,"width":117,"height":109},"region_attributes":{"status":"free"}},{"shape_attributes":{"name":"rect","x":648,"y":172,"width":141,"height":127},"region_attributes":{"status":"occupied"}}],"file_attributes":{}},"gray_9.jpg69822":{"filename":"gray_9.jpg","size":69822,"regions":[{"shape_attributes":{"name":"rect","x":97,"y":92,"width":46,"height":43},"region_attributes":{"status":"occupied"}},{"shape_attributes":{"name":"rect","x":160,"y":92,"width":43,"height":39},"region_attributes":{"status":"free"}},{"shape_attributes":{"name":"rect","x":218,"y":87,"width":45,"height":44},"region_attributes":{"status":"free"}},{"shape_attributes":{"name":"rect","x":276,"y":87,"width":53,"height":41},"region_attributes":{"status":"occupied"}}],"file_attributes":{}},"gray_10.jpg65506":{"filename":"gray_10.jpg","size":65506,"regions":[{"shape_attributes":{"name":"rect","x":321,"y":232,"width":18,"height":25},"region_attributes":{"status":"occupied"}},{"shape_attributes":{"name":"rect","x":342,"y":244,"width":18,"height":21},"region_attributes":{"status":"free"}},{"shape_attributes":{"name":"rect","x":366,"y":251,"width":19,"height":22},"region_attributes":{"status":"free"}},{"shape_attributes":{"name":"rect","x":397,"y":260,"width":19,"height":23},"region_attributes":{"status":"free"}}],"file_attributes":{}},"gray_11.jpg117288":{"filename":"gray_11.jpg","size":117288,"regions":[{"shape_attributes":{"name":"rect","x":85,"y":210,"width":186,"height":174},"region_attributes":{"status":"free"}},{"shape_attributes":{"name":"rect","x":305,"y":203,"width":230,"height":218},"region_attributes":{"status":"occupied"}},{"shape_attributes":{"name":"rect","x":548,"y":198,"width":240,"height":237},"region_attributes":{"status":"free"}},{"shape_attributes":{"name":"rect","x":856,"y":192,"width":225,"height":231},"region_attributes":{"status":"free"}}],"file_attributes":{}},"gray_12.jpg311532":{"filename":"gray_12.jpg","size":311532,"regions":[{"shape_attributes":{"name":"rect","x":105,"y":352,"width":159,"height":133},"region_attributes":{"status":"occupied"}},{"shape_attributes":{"name":"rect","x":311,"y":338,"width":129,"height":100},"region_attributes":{"status":"free"}},{"shape_attributes":{"name":"rect","x":503,"y":337,"width":149,"height":106},"region_attributes":{"status":"free"}},{"shape_attributes":{"name":"rect","x":723,"y":364,"width":107,"height":100},"region_attributes":{"status":"free"}},{"shape_attributes":{"name":"rect","x":873,"y":387,"width":153,"height":123},"region_attributes":{"status":"occupied"}}],"file_attributes":{}},"gray_13.jpg289557":{"filename":"gray_13.jpg","size":289557,"regions":[{"shape_attributes":{"name":"rect","x":45,"y":419,"width":157,"height":128},"region_attributes":{"status":"occupied"}},{"shape_attributes":{"name":"rect","x":246,"y":403,"width":123,"height":88},"region_attributes":{"status":"free"}},{"shape_attributes":{"name":"rect","x":464,"y":396,"width":117,"height":86},"region_attributes":{"status":"free"}},{"shape_attributes":{"name":"rect","x":670,"y":391,"width":109,"height":86},"region_attributes":{"status":"free"}},{"shape_attributes":{"name":"rect","x":840,"y":367,"width":147,"height":133},"region_attributes":{"status":"occupied"}}],"file_attributes":{}},"gray_14.jpg235559":{"filename":"gray_14.jpg","size":235559,"regions":[{"shape_attributes":{"name":"rect","x":157,"y":287,"width":153,"height":137},"region_attributes":{"status":"occupied"}},{"shape_attributes":{"name":"rect","x":407,"y":307,"width":154,"height":133},"region_attributes":{"status":"free"}},{"shape_attributes":{"name":"rect","x":626,"y":277,"width":127,"height":126},"region_attributes":{"status":"free"}},{"shape_attributes":{"name":"rect","x":821,"y":285,"width":117,"height":104},"region_attributes":{"status":"free"}},{"shape_attributes":{"name":"rect","x":947,"y":231,"width":138,"height":121},"region_attributes":{"status":"occupied"}}],"file_attributes":{}},"gray_15.jpg109670":{"filename":"gray_15.jpg","size":109670,"regions":[{"shape_attributes":{"name":"rect","x":228,"y":112,"width":110,"height":106},"region_attributes":{"status":"occupied"}},{"shape_attributes":{"name":"rect","x":357,"y":113,"width":132,"height":145},"region_attributes":{"status":"occupied"}},{"shape_attributes":{"name":"rect","x":507,"y":136,"width":134,"height":128},"region_attributes":{"status":"free"}},{"shape_attributes":{"name":"rect","x":683,"y":142,"width":147,"height":147},"region_attributes":{"status":"occupied"}},{"shape_attributes":{"name":"rect","x":887,"y":139,"width":151,"height":183},"region_attributes":{"status":"free"}}],"file_attributes":{}},"gray_16.jpg266425":{"filename":"gray_16.jpg","size":266425,"regions":[{"shape_attributes":{"name":"rect","x":86,"y":141,"width":97,"height":142},"region_attributes":{"status":"free"}},{"shape_attributes":{"name":"rect","x":220,"y":175,"width":173,"height":204},"region_attributes":{"status":"free"}},{"shape_attributes":{"name":"rect","x":409,"y":219,"width":223,"height":213},"region_attributes":{"status":"free"}},{"shape_attributes":{"name":"rect","x":660,"y":267,"width":261,"height":279},"region_attributes":{"status":"occupied"}},{"shape_attributes":{"name":"rect","x":962,"y":346,"width":315,"height":305},"region_attributes":{"status":"free"}},{"shape_attributes":{"name":"rect","x":1447,"y":429,"width":297,"height":280},"region_attributes":{"status":"free"}}],"file_attributes":{}},"gray_17.jpg465747":{"filename":"gray_17.jpg","size":465747,"regions":[{"shape_attributes":{"name":"rect","x":538,"y":264,"width":103,"height":89},"region_attributes":{"status":"free"}},{"shape_attributes":{"name":"rect","x":670,"y":259,"width":113,"height":101},"region_attributes":{"status":"occupied"}},{"shape_attributes":{"name":"rect","x":819,"y":259,"width":77,"height":73},"region_attributes":{"status":"free"}}],"file_attributes":{}},"gray_18.jpg514248":{"filename":"gray_18.jpg","size":514248,"regions":[{"shape_attributes":{"name":"rect","x":593,"y":427,"width":60,"height":63},"region_attributes":{"status":"free"}},{"shape_attributes":{"name":"rect","x":690,"y":419,"width":78,"height":65},"region_attributes":{"status":"free"}},{"shape_attributes":{"name":"rect","x":780,"y":413,"width":73,"height":71},"region_attributes":{"status":"occupied"}},{"shape_attributes":{"name":"rect","x":875,"y":415,"width":77,"height":67},"region_attributes":{"status":"free"}},{"shape_attributes":{"name":"rect","x":967,"y":413,"width":73,"height":70},"region_attributes":{"status":"occupied"}},{"shape_attributes":{"name":"rect","x":1058,"y":416,"width":69,"height":61},"region_attributes":{"status":"free"}},{"shape_attributes":{"name":"rect","x":1147,"y":411,"width":73,"height":65},"region_attributes":{"status":"free"}}],"file_attributes":{}},"gray_19.jpg605314":{"filename":"gray_19.jpg","size":605314,"regions":[{"shape_attributes":{"name":"rect","x":588,"y":167,"width":91,"height":80},"region_attributes":{"status":"free"}},{"shape_attributes":{"name":"rect","x":690,"y":169,"width":93,"height":91},"region_attributes":{"status":"free"}},{"shape_attributes":{"name":"rect","x":791,"y":183,"width":93,"height":77},"region_attributes":{"status":"occupied"}},{"shape_attributes":{"name":"rect","x":903,"y":191,"width":68,"height":60},"region_attributes":{"status":"free"}}],"file_attributes":{}},"gray_20.jpg361049":{"filename":"gray_20.jpg","size":361049,"regions":[{"shape_attributes":{"name":"rect","x":831,"y":555,"width":88,"height":84},"region_attributes":{"status":"occupied"}},{"shape_attributes":{"name":"rect","x":976,"y":551,"width":93,"height":93},"region_attributes":{"status":"free"}},{"shape_attributes":{"name":"rect","x":1260,"y":556,"width":109,"height":98},"region_attributes":{"status":"free"}},{"shape_attributes":{"name":"rect","x":1409,"y":553,"width":89,"height":105},"region_attributes":{"status":"free"}}],"file_attributes":{}}}